day,hour,y,yhat,특징
2024-08-01,1,2452,2449.8,1단계: 전력 파일만
2024-08-01,2,2197,2207.4,1단계: 전력 파일만
2024-08-01,3,2047,2058.9,1단계: 전력 파일만
2024-08-01,4,1955,1960.8,1단계: 전력 파일만
2024-08-01,5,1943,1946.3,1단계: 전력 파일만
2024-08-01,6,2048,2066.9,1단계: 전력 파일만
2024-08-01,7,2351,2342.6,1단계: 전력 파일만
2024-08-01,8,2776,2797.5,1단계: 전력 파일만
2024-08-01,9,3224,3276.2,1단계: 전력 파일만
2024-08-01,10,3591,3789.1,1단계: 전력 파일만
2024-08-01,11,3797,3909.4,1단계: 전력 파일만
2024-08-01,12,3894,4005.9,1단계: 전력 파일만
2024-08-01,13,3941,4052.3,1단계: 전력 파일만
2024-08-01,14,3996,4060.5,1단계: 전력 파일만
2024-08-01,15,4036,4052.5,1단계: 전력 파일만
2024-08-01,16,4032,4042.6,1단계: 전력 파일만
2024-08-01,17,4057,4008.4,1단계: 전력 파일만
2024-08-01,18,4050,3974.7,1단계: 전력 파일만
2024-08-01,19,3927,3801.6,1단계: 전력 파일만
2024-08-01,20,3839,3719.6,1단계: 전력 파일만
2024-08-01,21,3669,3594.2,1단계: 전력 파일만
2024-08-01,22,3402,3260.0,1단계: 전력 파일만
2024-08-01,23,3095,3024.6,1단계: 전력 파일만
2024-08-01,24,2802,2721.1,1단계: 전력 파일만
2024-08-02,1,2501,2525.7,1단계: 전력 파일만
2024-08-02,2,2241,2268.9,1단계: 전력 파일만
2024-08-02,3,2084,2077.1,1단계: 전력 파일만
2024-08-02,4,1991,1982.8,1단계: 전력 파일만
2024-08-02,5,1973,1975.5,1단계: 전력 파일만
2024-08-02,6,2090,2091.6,1단계: 전력 파일만
2024-08-02,7,2393,2391.5,1단계: 전력 파일만
2024-08-02,8,2825,2845.8,1단계: 전력 파일만
2024-08-02,9,3272,3305.8,1단계: 전력 파일만
2024-08-02,10,3617,3724.2,1단계: 전력 파일만
2024-08-02,11,3790,3914.0,1단계: 전력 파일만
2024-08-02,12,3883,4024.2,1단계: 전력 파일만
2024-08-02,13,3936,4083.4,1단계: 전력 파일만
2024-08-02,14,4014,4120.6,1단계: 전력 파일만
2024-08-02,15,4000,4111.3,1단계: 전력 파일만
2024-08-02,16,3999,4101.8,1단계: 전력 파일만
2024-08-02,17,4031,4057.1,1단계: 전력 파일만
2024-08-02,18,4011,4024.4,1단계: 전력 파일만
2024-08-02,19,3860,3913.8,1단계: 전력 파일만
2024-08-02,20,3770,3823.4,1단계: 전력 파일만
2024-08-02,21,3609,3608.8,1단계: 전력 파일만
2024-08-02,22,3351,3377.4,1단계: 전력 파일만
2024-08-02,23,3067,3144.3,1단계: 전력 파일만
2024-08-02,24,2815,2816.4,1단계: 전력 파일만
2024-08-03,1,2528,2285.4,1단계: 전력 파일만
2024-08-03,2,2256,2176.1,1단계: 전력 파일만
2024-08-03,3,2086,2030.1,1단계: 전력 파일만
2024-08-03,4,1980,1995.8,1단계: 전력 파일만
2024-08-03,5,1940,1964.4,1단계: 전력 파일만
2024-08-03,6,1978,1996.0,1단계: 전력 파일만
2024-08-03,7,2114,2084.0,1단계: 전력 파일만
2024-08-03,8,2348,2335.7,1단계: 전력 파일만
2024-08-03,9,2654,2672.6,1단계: 전력 파일만
2024-08-03,10,3023,3055.4,1단계: 전력 파일만
2024-08-03,11,3324,3228.7,1단계: 전력 파일만
2024-08-03,12,3478,3324.4,1단계: 전력 파일만
2024-08-03,13,3564,3400.2,1단계: 전력 파일만
2024-08-03,14,3603,3443.9,1단계: 전력 파일만
2024-08-03,15,3600,3445.8,1단계: 전력 파일만
2024-08-03,16,3588,3436.4,1단계: 전력 파일만
2024-08-03,17,3597,3461.5,1단계: 전력 파일만
2024-08-03,18,3610,3475.4,1단계: 전력 파일만
2024-08-03,19,3583,3477.6,1단계: 전력 파일만
2024-08-03,20,3544,3456.8,1단계: 전력 파일만
2024-08-03,21,3437,3277.9,1단계: 전력 파일만
2024-08-03,22,3225,3134.3,1단계: 전력 파일만
2024-08-03,23,2974,2890.1,1단계: 전력 파일만
2024-08-03,24,2735,2675.8,1단계: 전력 파일만
2024-08-04,1,2450,2354.6,1단계: 전력 파일만
2024-08-04,2,2220,2156.7,1단계: 전력 파일만
2024-08-04,3,2061,2011.5,1단계: 전력 파일만
2024-08-04,4,1955,1942.3,1단계: 전력 파일만
2024-08-04,5,1912,1895.7,1단계: 전력 파일만
2024-08-04,6,1936,1924.7,1단계: 전력 파일만
2024-08-04,7,2063,2030.8,1단계: 전력 파일만
2024-08-04,8,2296,2116.7,1단계: 전력 파일만
2024-08-04,9,2613,2445.1,1단계: 전력 파일만
2024-08-04,10,2970,2882.8,1단계: 전력 파일만
2024-08-04,11,3261,3105.1,1단계: 전력 파일만
2024-08-04,12,3405,3265.4,1단계: 전력 파일만
2024-08-04,13,3511,3361.0,1단계: 전력 파일만
2024-08-04,14,3574,3433.4,1단계: 전력 파일만
2024-08-04,15,3579,3445.5,1단계: 전력 파일만
2024-08-04,16,3577,3440.5,1단계: 전력 파일만
2024-08-04,17,3606,3460.9,1단계: 전력 파일만
2024-08-04,18,3663,3478.2,1단계: 전력 파일만
2024-08-04,19,3682,3481.2,1단계: 전력 파일만
2024-08-04,20,3673,3390.0,1단계: 전력 파일만
2024-08-04,21,3585,3316.5,1단계: 전력 파일만
2024-08-04,22,3379,3124.3,1단계: 전력 파일만
2024-08-04,23,3106,2817.5,1단계: 전력 파일만
2024-08-04,24,2819,2639.5,1단계: 전력 파일만
2024-08-05,1,2491,2564.6,1단계: 전력 파일만
2024-08-05,2,2213,2312.2,1단계: 전력 파일만
2024-08-05,3,2067,2103.1,1단계: 전력 파일만
2024-08-05,4,1995,2013.0,1단계: 전력 파일만
2024-08-05,5,1993,1990.2,1단계: 전력 파일만
2024-08-05,6,2123,2123.6,1단계: 전력 파일만
2024-08-05,7,2441,2431.8,1단계: 전력 파일만
2024-08-05,8,2892,2917.3,1단계: 전력 파일만
2024-08-05,9,3396,3332.3,1단계: 전력 파일만
2024-08-05,10,3835,3692.0,1단계: 전력 파일만
2024-08-05,11,4096,3887.9,1단계: 전력 파일만
2024-08-05,12,4180,3999.0,1단계: 전력 파일만
2024-08-05,13,4213,4101.6,1단계: 전력 파일만
2024-08-05,14,4234,4159.8,1단계: 전력 파일만
2024-08-05,15,4188,4164.6,1단계: 전력 파일만
2024-08-05,16,4225,4165.4,1단계: 전력 파일만
2024-08-05,17,4176,4173.2,1단계: 전력 파일만
2024-08-05,18,4148,4153.3,1단계: 전력 파일만
2024-08-05,19,4041,3969.2,1단계: 전력 파일만
2024-08-05,20,3919,3871.4,1단계: 전력 파일만
2024-08-05,21,3719,3744.8,1단계: 전력 파일만
2024-08-05,22,3437,3481.5,1단계: 전력 파일만
2024-08-05,23,3089,3132.4,1단계: 전력 파일만
2024-08-05,24,2732,2930.5,1단계: 전력 파일만
2024-08-06,1,2421,2511.0,1단계: 전력 파일만
2024-08-06,2,2185,2233.4,1단계: 전력 파일만
2024-08-06,3,2043,2090.2,1단계: 전력 파일만
2024-08-06,4,1952,1991.0,1단계: 전력 파일만
2024-08-06,5,1931,1988.7,1단계: 전력 파일만
2024-08-06,6,2055,2119.5,1단계: 전력 파일만
2024-08-06,7,2371,2424.5,1단계: 전력 파일만
2024-08-06,8,2810,2911.6,1단계: 전력 파일만
2024-08-06,9,3257,3420.0,1단계: 전력 파일만
2024-08-06,10,3561,3872.4,1단계: 전력 파일만
2024-08-06,11,3739,4158.1,1단계: 전력 파일만
2024-08-06,12,3853,4266.9,1단계: 전력 파일만
2024-08-06,13,3940,4309.0,1단계: 전력 파일만
2024-08-06,14,4024,4361.7,1단계: 전력 파일만
2024-08-06,15,4042,4362.8,1단계: 전력 파일만
2024-08-06,16,4090,4360.6,1단계: 전력 파일만
2024-08-06,17,4105,4379.9,1단계: 전력 파일만
2024-08-06,18,4109,4230.5,1단계: 전력 파일만
2024-08-06,19,3981,4103.3,1단계: 전력 파일만
2024-08-06,20,3907,4018.8,1단계: 전력 파일만
2024-08-06,21,3732,3866.6,1단계: 전력 파일만
2024-08-06,22,3447,3583.8,1단계: 전력 파일만
2024-08-06,23,3126,3224.3,1단계: 전력 파일만
2024-08-06,24,2823,2927.8,1단계: 전력 파일만
2024-08-07,1,2504,2473.7,1단계: 전력 파일만
2024-08-07,2,2237,2189.5,1단계: 전력 파일만
2024-08-07,3,2076,2048.9,1단계: 전력 파일만
2024-08-07,4,1982,1944.7,1단계: 전력 파일만
2024-08-07,5,1962,1928.7,1단계: 전력 파일만
2024-08-07,6,2091,2061.1,1단계: 전력 파일만
2024-08-07,7,2414,2338.9,1단계: 전력 파일만
2024-08-07,8,2879,2831.9,1단계: 전력 파일만
2024-08-07,9,3395,3172.0,1단계: 전력 파일만
2024-08-07,10,3780,3539.0,1단계: 전력 파일만
2024-08-07,11,3870,3710.5,1단계: 전력 파일만
2024-08-07,12,3919,3837.4,1단계: 전력 파일만
2024-08-07,13,4033,3900.3,1단계: 전력 파일만
2024-08-07,14,4116,3967.8,1단계: 전력 파일만
2024-08-07,15,4157,3977.5,1단계: 전력 파일만
2024-08-07,16,4154,3986.7,1단계: 전력 파일만
2024-08-07,17,4150,4013.8,1단계: 전력 파일만
2024-08-07,18,4136,4006.9,1단계: 전력 파일만
2024-08-07,19,3968,3879.2,1단계: 전력 파일만
2024-08-07,20,3871,3780.3,1단계: 전력 파일만
2024-08-07,21,3669,3600.2,1단계: 전력 파일만
2024-08-07,22,3374,3335.0,1단계: 전력 파일만
2024-08-07,23,3054,3052.0,1단계: 전력 파일만
2024-08-07,24,2757,2764.4,1단계: 전력 파일만
2024-08-08,1,2455,2418.1,1단계: 전력 파일만
2024-08-08,2,2211,2121.3,1단계: 전력 파일만
2024-08-08,3,2065,1967.2,1단계: 전력 파일만
2024-08-08,4,1977,1870.4,1단계: 전력 파일만
2024-08-08,5,1965,1838.5,1단계: 전력 파일만
2024-08-08,6,2082,1964.7,1단계: 전력 파일만
2024-08-08,7,2411,2270.6,1단계: 전력 파일만
2024-08-08,8,2847,2716.6,1단계: 전력 파일만
2024-08-08,9,3289,3203.9,1단계: 전력 파일만
2024-08-08,10,3634,3294.9,1단계: 전력 파일만
2024-08-08,11,3867,3472.8,1단계: 전력 파일만
2024-08-08,12,3955,3577.3,1단계: 전력 파일만
2024-08-08,13,3985,3657.7,1단계: 전력 파일만
2024-08-08,14,3971,3711.2,1단계: 전력 파일만
2024-08-08,15,3977,3717.4,1단계: 전력 파일만
2024-08-08,16,3938,3727.8,1단계: 전력 파일만
2024-08-08,17,3971,3746.9,1단계: 전력 파일만
2024-08-08,18,3973,3737.6,1단계: 전력 파일만
2024-08-08,19,3825,3601.7,1단계: 전력 파일만
2024-08-08,20,3734,3502.1,1단계: 전력 파일만
2024-08-08,21,3560,3146.9,1단계: 전력 파일만
2024-08-08,22,3289,3098.0,1단계: 전력 파일만
2024-08-08,23,2984,2909.5,1단계: 전력 파일만
2024-08-08,24,2694,2628.1,1단계: 전력 파일만
2024-08-09,1,2394,2493.4,1단계: 전력 파일만
2024-08-09,2,2151,2197.6,1단계: 전력 파일만
2024-08-09,3,2004,2034.6,1단계: 전력 파일만
2024-08-09,4,1915,1934.2,1단계: 전력 파일만
2024-08-09,5,1904,1918.9,1단계: 전력 파일만
2024-08-09,6,2027,2027.2,1단계: 전력 파일만
2024-08-09,7,2346,2337.2,1단계: 전력 파일만
2024-08-09,8,2793,2774.9,1단계: 전력 파일만
2024-08-09,9,3293,3190.6,1단계: 전력 파일만
2024-08-09,10,3699,3313.2,1단계: 전력 파일만
2024-08-09,11,3941,3757.3,1단계: 전력 파일만
2024-08-09,12,4045,3860.2,1단계: 전력 파일만
2024-08-09,13,4106,3930.6,1단계: 전력 파일만
2024-08-09,14,4151,3975.0,1단계: 전력 파일만
2024-08-09,15,4164,3978.6,1단계: 전력 파일만
2024-08-09,16,4133,3980.5,1단계: 전력 파일만
2024-08-09,17,4102,3988.8,1단계: 전력 파일만
2024-08-09,18,4040,3973.1,1단계: 전력 파일만
2024-08-09,19,3860,3775.2,1단계: 전력 파일만
2024-08-09,20,3766,3640.9,1단계: 전력 파일만
2024-08-09,21,3605,3307.8,1단계: 전력 파일만
2024-08-09,22,3336,3080.7,1단계: 전력 파일만
2024-08-09,23,3046,2888.5,1단계: 전력 파일만
2024-08-09,24,2780,2641.7,1단계: 전력 파일만
2024-08-10,1,2489,2137.1,1단계: 전력 파일만
2024-08-10,2,2230,2001.1,1단계: 전력 파일만
2024-08-10,3,2061,1885.6,1단계: 전력 파일만
2024-08-10,4,1960,1805.1,1단계: 전력 파일만
2024-08-10,5,1922,1792.3,1단계: 전력 파일만
2024-08-10,6,1961,1830.4,1단계: 전력 파일만
2024-08-10,7,2108,1920.6,1단계: 전력 파일만
2024-08-10,8,2341,2156.3,1단계: 전력 파일만
2024-08-10,9,2678,2605.2,1단계: 전력 파일만
2024-08-10,10,3081,2873.4,1단계: 전력 파일만
2024-08-10,11,3394,3270.6,1단계: 전력 파일만
2024-08-10,12,3559,3392.1,1단계: 전력 파일만
2024-08-10,13,3621,3475.3,1단계: 전력 파일만
2024-08-10,14,3620,3517.8,1단계: 전력 파일만
2024-08-10,15,3595,3515.5,1단계: 전력 파일만
2024-08-10,16,3565,3516.0,1단계: 전력 파일만
2024-08-10,17,3520,3513.6,1단계: 전력 파일만
2024-08-10,18,3524,3605.2,1단계: 전력 파일만
2024-08-10,19,3521,3505.8,1단계: 전력 파일만
2024-08-10,20,3489,3463.6,1단계: 전력 파일만
2024-08-10,21,3390,3242.2,1단계: 전력 파일만
2024-08-10,22,3188,2972.4,1단계: 전력 파일만
2024-08-10,23,2938,2834.5,1단계: 전력 파일만
2024-08-10,24,2697,2528.6,1단계: 전력 파일만
2024-08-11,1,2425,2308.8,1단계: 전력 파일만
2024-08-11,2,2207,2082.6,1단계: 전력 파일만
2024-08-11,3,2057,1990.9,1단계: 전력 파일만
2024-08-11,4,1959,1898.5,1단계: 전력 파일만
2024-08-11,5,1912,1860.3,1단계: 전력 파일만
2024-08-11,6,1932,1894.3,1단계: 전력 파일만
2024-08-11,7,2058,1978.3,1단계: 전력 파일만
2024-08-11,8,2272,2151.0,1단계: 전력 파일만
2024-08-11,9,2540,2410.4,1단계: 전력 파일만
2024-08-11,10,2863,2808.2,1단계: 전력 파일만
2024-08-11,11,3133,3043.3,1단계: 전력 파일만
2024-08-11,12,3275,3250.4,1단계: 전력 파일만
2024-08-11,13,3367,3331.2,1단계: 전력 파일만
2024-08-11,14,3421,3382.6,1단계: 전력 파일만
2024-08-11,15,3436,3376.1,1단계: 전력 파일만
2024-08-11,16,3442,3365.7,1단계: 전력 파일만
2024-08-11,17,3452,3365.7,1단계: 전력 파일만
2024-08-11,18,3486,3116.4,1단계: 전력 파일만
2024-08-11,19,3520,3224.4,1단계: 전력 파일만
2024-08-11,20,3519,3074.6,1단계: 전력 파일만
2024-08-11,21,3428,2958.0,1단계: 전력 파일만
2024-08-11,22,3236,2835.5,1단계: 전력 파일만
2024-08-11,23,2970,2631.2,1단계: 전력 파일만
2024-08-11,24,2699,2374.1,1단계: 전력 파일만
2024-08-12,1,2397,2435.3,1단계: 전력 파일만
2024-08-12,2,2183,2151.4,1단계: 전력 파일만
2024-08-12,3,2042,1985.0,1단계: 전력 파일만
2024-08-12,4,1967,1864.4,1단계: 전력 파일만
2024-08-12,5,1971,1849.3,1단계: 전력 파일만
2024-08-12,6,2115,1986.6,1단계: 전력 파일만
2024-08-12,7,2470,2334.9,1단계: 전력 파일만
2024-08-12,8,2969,2820.5,1단계: 전력 파일만
2024-08-12,9,3519,3221.4,1단계: 전력 파일만
2024-08-12,10,3945,3463.4,1단계: 전력 파일만
2024-08-12,11,4189,3597.4,1단계: 전력 파일만
2024-08-12,12,4293,3689.7,1단계: 전력 파일만
2024-08-12,13,4355,3774.9,1단계: 전력 파일만
2024-08-12,14,4374,3844.1,1단계: 전력 파일만
2024-08-12,15,4350,3764.5,1단계: 전력 파일만
2024-08-12,16,4291,3805.5,1단계: 전력 파일만
2024-08-12,17,4277,3858.5,1단계: 전력 파일만
2024-08-12,18,4251,3828.7,1단계: 전력 파일만
2024-08-12,19,4141,3688.6,1단계: 전력 파일만
2024-08-12,20,4052,3591.2,1단계: 전력 파일만
2024-08-12,21,3868,3322.5,1단계: 전력 파일만
2024-08-12,22,3562,3151.7,1단계: 전력 파일만
2024-08-12,23,3224,2915.1,1단계: 전력 파일만
2024-08-12,24,2896,2649.8,1단계: 전력 파일만
2024-08-13,1,2574,2516.1,1단계: 전력 파일만
2024-08-13,2,2309,2241.4,1단계: 전력 파일만
2024-08-13,3,2158,2112.0,1단계: 전력 파일만
2024-08-13,4,2066,2012.8,1단계: 전력 파일만
2024-08-13,5,2046,2008.5,1단계: 전력 파일만
2024-08-13,6,2177,2118.8,1단계: 전력 파일만
2024-08-13,7,2522,2465.4,1단계: 전력 파일만
2024-08-13,8,3019,3013.6,1단계: 전력 파일만
2024-08-13,9,3572,3513.5,1단계: 전력 파일만
2024-08-13,10,3998,3897.7,1단계: 전력 파일만
2024-08-13,11,4250,4031.3,1단계: 전력 파일만
2024-08-13,12,4360,4116.9,1단계: 전력 파일만
2024-08-13,13,4423,4187.4,1단계: 전력 파일만
2024-08-13,14,4470,4292.9,1단계: 전력 파일만
2024-08-13,15,4481,4295.8,1단계: 전력 파일만
2024-08-13,16,4466,4337.9,1단계: 전력 파일만
2024-08-13,17,4436,4330.8,1단계: 전력 파일만
2024-08-13,18,4318,4315.6,1단계: 전력 파일만
2024-08-13,19,4119,4185.8,1단계: 전력 파일만
2024-08-13,20,4037,4107.3,1단계: 전력 파일만
2024-08-13,21,3873,3927.8,1단계: 전력 파일만
2024-08-13,22,3600,3602.5,1단계: 전력 파일만
2024-08-13,23,3277,3273.9,1단계: 전력 파일만
2024-08-13,24,2957,2962.9,1단계: 전력 파일만
2024-08-14,1,2632,2685.9,1단계: 전력 파일만
2024-08-14,2,2370,2388.9,1단계: 전력 파일만
2024-08-14,3,2214,2268.5,1단계: 전력 파일만
2024-08-14,4,2114,2148.2,1단계: 전력 파일만
2024-08-14,5,2095,2127.5,1단계: 전력 파일만
2024-08-14,6,2221,2274.6,1단계: 전력 파일만
2024-08-14,7,2575,2637.5,1단계: 전력 파일만
2024-08-14,8,3082,3122.4,1단계: 전력 파일만
2024-08-14,9,3617,3622.7,1단계: 전력 파일만
2024-08-14,10,4044,4028.5,1단계: 전력 파일만
2024-08-14,11,4302,4254.7,1단계: 전력 파일만
2024-08-14,12,4422,4360.1,1단계: 전력 파일만
2024-08-14,13,4479,4423.4,1단계: 전력 파일만
2024-08-14,14,4514,4446.8,1단계: 전력 파일만
2024-08-14,15,4526,4447.3,1단계: 전력 파일만
2024-08-14,16,4501,4410.2,1단계: 전력 파일만
2024-08-14,17,4462,4386.2,1단계: 전력 파일만
2024-08-14,18,4291,4346.7,1단계: 전력 파일만
2024-08-14,19,4000,4183.0,1단계: 전력 파일만
2024-08-14,20,3841,4095.4,1단계: 전력 파일만
2024-08-14,21,3641,3900.4,1단계: 전력 파일만
2024-08-14,22,3400,3658.7,1단계: 전력 파일만
2024-08-14,23,3122,3298.6,1단계: 전력 파일만
2024-08-14,24,2870,3039.5,1단계: 전력 파일만
2024-08-15,1,2597,2307.6,1단계: 전력 파일만
2024-08-15,2,2335,2173.7,1단계: 전력 파일만
2024-08-15,3,2171,2128.3,1단계: 전력 파일만
2024-08-15,4,2065,1999.4,1단계: 전력 파일만
2024-08-15,5,2025,2009.8,1단계: 전력 파일만
2024-08-15,6,2055,2082.6,1단계: 전력 파일만
2024-08-15,7,2174,2132.1,1단계: 전력 파일만
2024-08-15,8,2404,2481.7,1단계: 전력 파일만
2024-08-15,9,2690,2939.6,1단계: 전력 파일만
2024-08-15,10,3023,3301.9,1단계: 전력 파일만
2024-08-15,11,3319,3639.9,1단계: 전력 파일만
2024-08-15,12,3494,3778.5,1단계: 전력 파일만
2024-08-15,13,3597,3837.9,1단계: 전력 파일만
2024-08-15,14,3629,3860.5,1단계: 전력 파일만
2024-08-15,15,3649,3858.3,1단계: 전력 파일만
2024-08-15,16,3648,3831.5,1단계: 전력 파일만
2024-08-15,17,3617,3821.2,1단계: 전력 파일만
2024-08-15,18,3582,3787.6,1단계: 전력 파일만
2024-08-15,19,3551,3689.0,1단계: 전력 파일만
2024-08-15,20,3519,3662.5,1단계: 전력 파일만
2024-08-15,21,3425,3429.9,1단계: 전력 파일만
2024-08-15,22,3211,3212.8,1단계: 전력 파일만
2024-08-15,23,2958,2943.3,1단계: 전력 파일만
2024-08-15,24,2702,2672.0,1단계: 전력 파일만
2024-08-16,1,2406,2749.6,1단계: 전력 파일만
2024-08-16,2,2193,2437.8,1단계: 전력 파일만
2024-08-16,3,2059,2275.8,1단계: 전력 파일만
2024-08-16,4,1983,2146.3,1단계: 전력 파일만
2024-08-16,5,1977,2123.1,1단계: 전력 파일만
2024-08-16,6,2114,2227.6,1단계: 전력 파일만
2024-08-16,7,2439,2539.5,1단계: 전력 파일만
2024-08-16,8,2912,2960.6,1단계: 전력 파일만
2024-08-16,9,3437,3203.7,1단계: 전력 파일만
2024-08-16,10,3852,3604.4,1단계: 전력 파일만
2024-08-16,11,4093,4012.3,1단계: 전력 파일만
2024-08-16,12,4197,4238.8,1단계: 전력 파일만
2024-08-16,13,4250,4321.7,1단계: 전력 파일만
2024-08-16,14,4300,4329.1,1단계: 전력 파일만
2024-08-16,15,4308,4328.2,1단계: 전력 파일만
2024-08-16,16,4274,4269.7,1단계: 전력 파일만
2024-08-16,17,4246,4236.3,1단계: 전력 파일만
2024-08-16,18,4208,4203.5,1단계: 전력 파일만
2024-08-16,19,4013,3918.6,1단계: 전력 파일만
2024-08-16,20,3868,3795.7,1단계: 전력 파일만
2024-08-16,21,3665,3671.6,1단계: 전력 파일만
2024-08-16,22,3367,3424.0,1단계: 전력 파일만
2024-08-16,23,3075,3138.0,1단계: 전력 파일만
2024-08-16,24,2819,2869.0,1단계: 전력 파일만
2024-08-17,1,2541,2295.9,1단계: 전력 파일만
2024-08-17,2,2290,2211.6,1단계: 전력 파일만
2024-08-17,3,2126,2100.9,1단계: 전력 파일만
2024-08-17,4,2025,2012.0,1단계: 전력 파일만
2024-08-17,5,1982,1978.4,1단계: 전력 파일만
2024-08-17,6,2023,2069.8,1단계: 전력 파일만
2024-08-17,7,2162,2139.3,1단계: 전력 파일만
2024-08-17,8,2424,2407.9,1단계: 전력 파일만
2024-08-17,9,2784,2851.1,1단계: 전력 파일만
2024-08-17,10,3183,3344.2,1단계: 전력 파일만
2024-08-17,11,3477,3679.4,1단계: 전력 파일만
2024-08-17,12,3633,3824.7,1단계: 전력 파일만
2024-08-17,13,3711,3901.6,1단계: 전력 파일만
2024-08-17,14,3706,3940.3,1단계: 전력 파일만
2024-08-17,15,3684,3938.9,1단계: 전력 파일만
2024-08-17,16,3663,3915.1,1단계: 전력 파일만
2024-08-17,17,3646,3879.7,1단계: 전력 파일만
2024-08-17,18,3615,3821.3,1단계: 전력 파일만
2024-08-17,19,3531,3758.4,1단계: 전력 파일만
2024-08-17,20,3473,3728.7,1단계: 전력 파일만
2024-08-17,21,3346,3580.4,1단계: 전력 파일만
2024-08-17,22,3137,3278.0,1단계: 전력 파일만
2024-08-17,23,2905,3053.8,1단계: 전력 파일만
2024-08-17,24,2682,2740.7,1단계: 전력 파일만
2024-08-18,1,2425,2362.7,1단계: 전력 파일만
2024-08-18,2,2215,2113.8,1단계: 전력 파일만
2024-08-18,3,2064,2009.9,1단계: 전력 파일만
2024-08-18,4,1965,1926.5,1단계: 전력 파일만
2024-08-18,5,1928,1900.5,1단계: 전력 파일만
2024-08-18,6,1957,1954.0,1단계: 전력 파일만
2024-08-18,7,2074,2018.3,1단계: 전력 파일만
2024-08-18,8,2302,2219.9,1단계: 전력 파일만
2024-08-18,9,2591,2574.0,1단계: 전력 파일만
2024-08-18,10,2927,3123.8,1단계: 전력 파일만
2024-08-18,11,3210,3463.8,1단계: 전력 파일만
2024-08-18,12,3367,3611.9,1단계: 전력 파일만
2024-08-18,13,3499,3703.5,1단계: 전력 파일만
2024-08-18,14,3554,3696.3,1단계: 전력 파일만
2024-08-18,15,3555,3684.3,1단계: 전력 파일만
2024-08-18,16,3501,3650.9,1단계: 전력 파일만
2024-08-18,17,3523,3673.8,1단계: 전력 파일만
2024-08-18,18,3545,3675.9,1단계: 전력 파일만
2024-08-18,19,3572,3657.1,1단계: 전력 파일만
2024-08-18,20,3570,3648.2,1단계: 전력 파일만
2024-08-18,21,3433,3484.3,1단계: 전력 파일만
2024-08-18,22,3186,3352.0,1단계: 전력 파일만
2024-08-18,23,2927,3119.7,1단계: 전력 파일만
2024-08-18,24,2663,2834.8,1단계: 전력 파일만
2024-08-19,1,2369,2639.1,1단계: 전력 파일만
2024-08-19,2,2161,2406.6,1단계: 전력 파일만
2024-08-19,3,2034,2199.2,1단계: 전력 파일만
2024-08-19,4,1962,2113.7,1단계: 전력 파일만
2024-08-19,5,1967,2085.4,1단계: 전력 파일만
2024-08-19,6,2117,2234.7,1단계: 전력 파일만
2024-08-19,7,2480,2530.7,1단계: 전력 파일만
2024-08-19,8,2988,3038.8,1단계: 전력 파일만
2024-08-19,9,3545,3458.5,1단계: 전력 파일만
2024-08-19,10,3966,4053.5,1단계: 전력 파일만
2024-08-19,11,4210,4244.4,1단계: 전력 파일만
2024-08-19,12,4321,4382.0,1단계: 전력 파일만
2024-08-19,13,4388,4419.5,1단계: 전력 파일만
2024-08-19,14,4433,4454.4,1단계: 전력 파일만
2024-08-19,15,4443,4451.7,1단계: 전력 파일만
2024-08-19,16,4434,4389.6,1단계: 전력 파일만
2024-08-19,17,4393,4505.8,1단계: 전력 파일만
2024-08-19,18,4341,4364.0,1단계: 전력 파일만
2024-08-19,19,4056,4261.7,1단계: 전력 파일만
2024-08-19,20,3922,4162.3,1단계: 전력 파일만
2024-08-19,21,3750,3886.3,1단계: 전력 파일만
2024-08-19,22,3487,3620.7,1단계: 전력 파일만
2024-08-19,23,3156,3317.0,1단계: 전력 파일만
2024-08-19,24,2848,3027.9,1단계: 전력 파일만
2024-08-20,1,2543,2634.2,1단계: 전력 파일만
2024-08-20,2,2287,2350.9,1단계: 전력 파일만
2024-08-20,3,2143,2197.0,1단계: 전력 파일만
2024-08-20,4,2053,2111.6,1단계: 전력 파일만
2024-08-20,5,2049,2097.6,1단계: 전력 파일만
2024-08-20,6,2179,2214.0,1단계: 전력 파일만
2024-08-20,7,2530,2552.0,1단계: 전력 파일만
2024-08-20,8,3043,3095.8,1단계: 전력 파일만
2024-08-20,9,3591,3615.2,1단계: 전력 파일만
2024-08-20,10,4015,3907.2,1단계: 전력 파일만
2024-08-20,11,4271,4141.2,1단계: 전력 파일만
2024-08-20,12,4392,4242.0,1단계: 전력 파일만
2024-08-20,13,4477,4293.6,1단계: 전력 파일만
2024-08-20,14,4523,4310.8,1단계: 전력 파일만
2024-08-20,15,4528,4313.7,1단계: 전력 파일만
2024-08-20,16,4526,4301.4,1단계: 전력 파일만
2024-08-20,17,4527,4276.9,1단계: 전력 파일만
2024-08-20,18,4499,4153.5,1단계: 전력 파일만
2024-08-20,19,4346,3934.0,1단계: 전력 파일만
2024-08-20,20,4257,3820.0,1단계: 전력 파일만
2024-08-20,21,4062,3615.6,1단계: 전력 파일만
2024-08-20,22,3761,3500.1,1단계: 전력 파일만
2024-08-20,23,3403,3148.8,1단계: 전력 파일만
2024-08-20,24,3058,2885.3,1단계: 전력 파일만
2024-08-21,1,2713,2497.6,1단계: 전력 파일만
2024-08-21,2,2426,2222.6,1단계: 전력 파일만
2024-08-21,3,2222,2099.1,1단계: 전력 파일만
2024-08-21,4,2121,2008.6,1단계: 전력 파일만
2024-08-21,5,2108,1998.9,1단계: 전력 파일만
2024-08-21,6,2240,2109.6,1단계: 전력 파일만
2024-08-21,7,2576,2449.2,1단계: 전력 파일만
2024-08-21,8,3042,2950.5,1단계: 전력 파일만
2024-08-21,9,3502,3418.1,1단계: 전력 파일만
2024-08-21,10,3880,3760.4,1단계: 전력 파일만
2024-08-21,11,4049,4012.0,1단계: 전력 파일만
2024-08-21,12,4112,4142.5,1단계: 전력 파일만
2024-08-21,13,4134,4219.7,1단계: 전력 파일만
2024-08-21,14,4143,4263.8,1단계: 전력 파일만
2024-08-21,15,4145,4257.8,1단계: 전력 파일만
2024-08-21,16,4157,4228.8,1단계: 전력 파일만
2024-08-21,17,4157,4203.9,1단계: 전력 파일만
2024-08-21,18,4131,4120.3,1단계: 전력 파일만
2024-08-21,19,4006,3895.6,1단계: 전력 파일만
2024-08-21,20,3924,3752.3,1단계: 전력 파일만
2024-08-21,21,3743,3555.0,1단계: 전력 파일만
2024-08-21,22,3458,3332.1,1단계: 전력 파일만
2024-08-21,23,3129,3142.4,1단계: 전력 파일만
2024-08-21,24,2827,2864.5,1단계: 전력 파일만
2024-08-22,1,2526,2729.1,1단계: 전력 파일만
2024-08-22,2,2282,2351.5,1단계: 전력 파일만
2024-08-22,3,2135,2146.5,1단계: 전력 파일만
2024-08-22,4,2045,2056.9,1단계: 전력 파일만
2024-08-22,5,2039,2030.7,1단계: 전력 파일만
2024-08-22,6,2177,2163.9,1단계: 전력 파일만
2024-08-22,7,2531,2511.0,1단계: 전력 파일만
2024-08-22,8,3069,3006.2,1단계: 전력 파일만
2024-08-22,9,3608,3335.1,1단계: 전력 파일만
2024-08-22,10,3958,3777.2,1단계: 전력 파일만
2024-08-22,11,4104,3897.7,1단계: 전력 파일만
2024-08-22,12,4116,3978.0,1단계: 전력 파일만
2024-08-22,13,4161,4101.4,1단계: 전력 파일만
2024-08-22,14,4173,4125.0,1단계: 전력 파일만
2024-08-22,15,4142,4117.9,1단계: 전력 파일만
2024-08-22,16,4128,4103.7,1단계: 전력 파일만
2024-08-22,17,4073,4082.5,1단계: 전력 파일만
2024-08-22,18,4025,3998.2,1단계: 전력 파일만
2024-08-22,19,3848,3839.6,1단계: 전력 파일만
2024-08-22,20,3748,3763.8,1단계: 전력 파일만
2024-08-22,21,3535,3526.5,1단계: 전력 파일만
2024-08-22,22,3259,3253.1,1단계: 전력 파일만
2024-08-22,23,2955,2990.4,1단계: 전력 파일만
2024-08-22,24,2679,2756.3,1단계: 전력 파일만
2024-08-23,1,2407,2465.3,1단계: 전력 파일만
2024-08-23,2,2180,2197.9,1단계: 전력 파일만
2024-08-23,3,2037,2059.6,1단계: 전력 파일만
2024-08-23,4,1946,1945.9,1단계: 전력 파일만
2024-08-23,5,1941,1930.9,1단계: 전력 파일만
2024-08-23,6,2073,2070.3,1단계: 전력 파일만
2024-08-23,7,2409,2444.8,1단계: 전력 파일만
2024-08-23,8,2877,2964.2,1단계: 전력 파일만
2024-08-23,9,3331,3392.5,1단계: 전력 파일만
2024-08-23,10,3677,3765.1,1단계: 전력 파일만
2024-08-23,11,3899,3950.1,1단계: 전력 파일만
2024-08-23,12,3994,4032.6,1단계: 전력 파일만
2024-08-23,13,4059,4094.6,1단계: 전력 파일만
2024-08-23,14,4096,4102.0,1단계: 전력 파일만
2024-08-23,15,4105,4097.4,1단계: 전력 파일만
2024-08-23,16,4085,4077.1,1단계: 전력 파일만
2024-08-23,17,4072,4054.5,1단계: 전력 파일만
2024-08-23,18,3989,4020.6,1단계: 전력 파일만
2024-08-23,19,3776,3800.5,1단계: 전력 파일만
2024-08-23,20,3646,3715.2,1단계: 전력 파일만
2024-08-23,21,3462,3517.8,1단계: 전력 파일만
2024-08-23,22,3188,3161.6,1단계: 전력 파일만
2024-08-23,23,2904,2826.9,1단계: 전력 파일만
2024-08-23,24,2662,2609.5,1단계: 전력 파일만
2024-08-24,1,2397,2165.5,1단계: 전력 파일만
2024-08-24,2,2155,2034.2,1단계: 전력 파일만
2024-08-24,3,2005,1900.4,1단계: 전력 파일만
2024-08-24,4,1903,1801.2,1단계: 전력 파일만
2024-08-24,5,1873,1778.7,1단계: 전력 파일만
2024-08-24,6,1921,1852.5,1단계: 전력 파일만
2024-08-24,7,2054,1946.9,1단계: 전력 파일만
2024-08-24,8,2300,2230.7,1단계: 전력 파일만
2024-08-24,9,2646,2598.4,1단계: 전력 파일만
2024-08-24,10,3041,2953.1,1단계: 전력 파일만
2024-08-24,11,3320,3268.6,1단계: 전력 파일만
2024-08-24,12,3452,3375.5,1단계: 전력 파일만
2024-08-24,13,3406,3442.3,1단계: 전력 파일만
2024-08-24,14,3361,3503.7,1단계: 전력 파일만
2024-08-24,15,3317,3499.7,1단계: 전력 파일만
2024-08-24,16,3350,3498.0,1단계: 전력 파일만
2024-08-24,17,3369,3479.6,1단계: 전력 파일만
2024-08-24,18,3355,3470.6,1단계: 전력 파일만
2024-08-24,19,3332,3408.1,1단계: 전력 파일만
2024-08-24,20,3305,3305.9,1단계: 전력 파일만
2024-08-24,21,3171,3118.6,1단계: 전력 파일만
2024-08-24,22,2961,2957.0,1단계: 전력 파일만
2024-08-24,23,2730,2654.9,1단계: 전력 파일만
2024-08-24,24,2515,2436.1,1단계: 전력 파일만
2024-08-25,1,2266,2206.4,1단계: 전력 파일만
2024-08-25,2,2061,2065.8,1단계: 전력 파일만
2024-08-25,3,1915,1926.2,1단계: 전력 파일만
2024-08-25,4,1829,1826.5,1단계: 전력 파일만
2024-08-25,5,1797,1807.5,1단계: 전력 파일만
2024-08-25,6,1833,1880.7,1단계: 전력 파일만
2024-08-25,7,1945,1900.0,1단계: 전력 파일만
2024-08-25,8,2145,2045.4,1단계: 전력 파일만
2024-08-25,9,2400,2392.4,1단계: 전력 파일만
2024-08-25,10,2704,2862.6,1단계: 전력 파일만
2024-08-25,11,2976,3088.2,1단계: 전력 파일만
2024-08-25,12,3122,3213.2,1단계: 전력 파일만
2024-08-25,13,3231,3210.2,1단계: 전력 파일만
2024-08-25,14,3276,3282.3,1단계: 전력 파일만
2024-08-25,15,3261,3247.9,1단계: 전력 파일만
2024-08-25,16,3247,3245.8,1단계: 전력 파일만
2024-08-25,17,3258,3256.4,1단계: 전력 파일만
2024-08-25,18,3262,3319.3,1단계: 전력 파일만
2024-08-25,19,3286,3316.9,1단계: 전력 파일만
2024-08-25,20,3312,3311.3,1단계: 전력 파일만
2024-08-25,21,3215,3110.7,1단계: 전력 파일만
2024-08-25,22,3013,2853.8,1단계: 전력 파일만
2024-08-25,23,2768,2633.7,1단계: 전력 파일만
2024-08-25,24,2517,2402.6,1단계: 전력 파일만
2024-08-26,1,2241,2303.2,1단계: 전력 파일만
2024-08-26,2,2061,2052.7,1단계: 전력 파일만
2024-08-26,3,1936,1919.9,1단계: 전력 파일만
2024-08-26,4,1875,1811.5,1단계: 전력 파일만
2024-08-26,5,1882,1807.8,1단계: 전력 파일만
2024-08-26,6,2022,1981.4,1단계: 전력 파일만
2024-08-26,7,2360,2356.0,1단계: 전력 파일만
2024-08-26,8,2847,2844.6,1단계: 전력 파일만
2024-08-26,9,3340,3185.3,1단계: 전력 파일만
2024-08-26,10,3672,3592.4,1단계: 전력 파일만
2024-08-26,11,3866,3818.3,1단계: 전력 파일만
2024-08-26,12,3967,3845.6,1단계: 전력 파일만
2024-08-26,13,3979,3891.9,1단계: 전력 파일만
2024-08-26,14,3992,3932.7,1단계: 전력 파일만
2024-08-26,15,3983,3917.2,1단계: 전력 파일만
2024-08-26,16,3980,3878.0,1단계: 전력 파일만
2024-08-26,17,3947,3880.4,1단계: 전력 파일만
2024-08-26,18,3888,3805.8,1단계: 전력 파일만
2024-08-26,19,3677,3595.7,1단계: 전력 파일만
2024-08-26,20,3565,3550.7,1단계: 전력 파일만
2024-08-26,21,3389,3383.9,1단계: 전력 파일만
2024-08-26,22,3132,3125.3,1단계: 전력 파일만
2024-08-26,23,2850,2861.4,1단계: 전력 파일만
2024-08-26,24,2583,2626.3,1단계: 전력 파일만
2024-08-27,1,2306,2304.5,1단계: 전력 파일만
2024-08-27,2,2079,2095.1,1단계: 전력 파일만
2024-08-27,3,1950,1947.2,1단계: 전력 파일만
2024-08-27,4,1872,1854.5,1단계: 전력 파일만
2024-08-27,5,1865,1847.5,1단계: 전력 파일만
2024-08-27,6,1997,1977.5,1단계: 전력 파일만
2024-08-27,7,2306,2292.9,1단계: 전력 파일만
2024-08-27,8,2746,2714.0,1단계: 전력 파일만
2024-08-27,9,3150,3245.9,1단계: 전력 파일만
2024-08-27,10,3416,3558.2,1단계: 전력 파일만
2024-08-27,11,3532,3748.7,1단계: 전력 파일만
2024-08-27,12,3549,4029.5,1단계: 전력 파일만
2024-08-27,13,3532,4032.0,1단계: 전력 파일만
2024-08-27,14,3542,4040.0,1단계: 전력 파일만
2024-08-27,15,3585,4023.2,1단계: 전력 파일만
2024-08-27,16,3592,4018.2,1단계: 전력 파일만
2024-08-27,17,3631,4002.5,1단계: 전력 파일만
2024-08-27,18,3621,3927.3,1단계: 전력 파일만
2024-08-27,19,3464,3735.4,1단계: 전력 파일만
2024-08-27,20,3354,3640.8,1단계: 전력 파일만
2024-08-27,21,3173,3434.4,1단계: 전력 파일만
2024-08-27,22,2928,3099.9,1단계: 전력 파일만
2024-08-27,23,2663,2846.8,1단계: 전력 파일만
2024-08-27,24,2410,2590.3,1단계: 전력 파일만
2024-08-28,1,2147,2224.1,1단계: 전력 파일만
2024-08-28,2,1943,2002.1,1단계: 전력 파일만
2024-08-28,3,1818,1864.8,1단계: 전력 파일만
2024-08-28,4,1742,1785.1,1단계: 전력 파일만
2024-08-28,5,1741,1775.9,1단계: 전력 파일만
2024-08-28,6,1864,1894.9,1단계: 전력 파일만
2024-08-28,7,2165,2175.5,1단계: 전력 파일만
2024-08-28,8,2590,2587.5,1단계: 전력 파일만
2024-08-28,9,3039,2976.8,1단계: 전력 파일만
2024-08-28,10,3395,3304.8,1단계: 전력 파일만
2024-08-28,11,3601,3450.0,1단계: 전력 파일만
2024-08-28,12,3696,3518.9,1단계: 전력 파일만
2024-08-28,13,3759,3536.2,1단계: 전력 파일만
2024-08-28,14,3836,3548.9,1단계: 전력 파일만
2024-08-28,15,3889,3539.3,1단계: 전력 파일만
2024-08-28,16,3894,3536.0,1단계: 전력 파일만
2024-08-28,17,3898,3410.9,1단계: 전력 파일만
2024-08-28,18,3844,3482.3,1단계: 전력 파일만
2024-08-28,19,3696,3507.2,1단계: 전력 파일만
2024-08-28,20,3594,3458.4,1단계: 전력 파일만
2024-08-28,21,3396,3199.6,1단계: 전력 파일만
2024-08-28,22,3117,3001.9,1단계: 전력 파일만
2024-08-28,23,2813,2712.8,1단계: 전력 파일만
2024-08-28,24,2525,2443.1,1단계: 전력 파일만
2024-08-29,1,2239,2244.0,1단계: 전력 파일만
2024-08-29,2,2015,2025.7,1단계: 전력 파일만
2024-08-29,3,1877,1873.7,1단계: 전력 파일만
2024-08-29,4,1792,1796.7,1단계: 전력 파일만
2024-08-29,5,1780,1793.5,1단계: 전력 파일만
2024-08-29,6,1896,1897.1,1단계: 전력 파일만
2024-08-29,7,2191,2209.6,1단계: 전력 파일만
2024-08-29,8,2612,2588.7,1단계: 전력 파일만
2024-08-29,9,3054,3082.5,1단계: 전력 파일만
2024-08-29,10,3404,3387.0,1단계: 전력 파일만
2024-08-29,11,3628,3620.3,1단계: 전력 파일만
2024-08-29,12,3747,3689.4,1단계: 전력 파일만
2024-08-29,13,3788,3691.9,1단계: 전력 파일만
2024-08-29,14,3850,3713.1,1단계: 전력 파일만
2024-08-29,15,3894,3716.1,1단계: 전력 파일만
2024-08-29,16,3903,3713.3,1단계: 전력 파일만
2024-08-29,17,3925,3706.6,1단계: 전력 파일만
2024-08-29,18,3919,3660.4,1단계: 전력 파일만
2024-08-29,19,3716,3498.9,1단계: 전력 파일만
2024-08-29,20,3578,3317.6,1단계: 전력 파일만
2024-08-29,21,3355,3151.4,1단계: 전력 파일만
2024-08-29,22,3075,2960.9,1단계: 전력 파일만
2024-08-29,23,2785,2646.2,1단계: 전력 파일만
2024-08-29,24,2508,2370.5,1단계: 전력 파일만
2024-08-30,1,2248,2208.2,1단계: 전력 파일만
2024-08-30,2,2022,2002.8,1단계: 전력 파일만
2024-08-30,3,1885,1849.7,1단계: 전력 파일만
2024-08-30,4,1802,1771.8,1단계: 전력 파일만
2024-08-30,5,1793,1762.9,1단계: 전력 파일만
2024-08-30,6,1911,1876.0,1단계: 전력 파일만
2024-08-30,7,2209,2155.5,1단계: 전력 파일만
2024-08-30,8,2646,2537.8,1단계: 전력 파일만
2024-08-30,9,3106,2972.7,1단계: 전력 파일만
2024-08-30,10,3474,3370.2,1단계: 전력 파일만
2024-08-30,11,3715,3618.8,1단계: 전력 파일만
2024-08-30,12,3826,3726.0,1단계: 전력 파일만
2024-08-30,13,3893,3689.5,1단계: 전력 파일만
2024-08-30,14,3970,3724.8,1단계: 전력 파일만
2024-08-30,15,4020,3745.4,1단계: 전력 파일만
2024-08-30,16,4010,3746.9,1단계: 전력 파일만
2024-08-30,17,3976,3713.4,1단계: 전력 파일만
2024-08-30,18,3898,3676.2,1단계: 전력 파일만
2024-08-30,19,3664,3507.0,1단계: 전력 파일만
2024-08-30,20,3535,3379.0,1단계: 전력 파일만
2024-08-30,21,3347,3210.5,1단계: 전력 파일만
2024-08-30,22,3082,2958.3,1단계: 전력 파일만
2024-08-30,23,2802,2652.2,1단계: 전력 파일만
2024-08-30,24,2557,2398.0,1단계: 전력 파일만
2024-08-31,1,2290,2164.7,1단계: 전력 파일만
2024-08-31,2,2048,2001.8,1단계: 전력 파일만
2024-08-31,3,1893,1906.8,1단계: 전력 파일만
2024-08-31,4,1794,1829.9,1단계: 전력 파일만
2024-08-31,5,1758,1815.5,1단계: 전력 파일만
2024-08-31,6,1795,1875.3,1단계: 전력 파일만
2024-08-31,7,1917,1977.6,1단계: 전력 파일만
2024-08-31,8,2125,2189.3,1단계: 전력 파일만
2024-08-31,9,2415,2554.8,1단계: 전력 파일만
2024-08-31,10,2750,2909.2,1단계: 전력 파일만
2024-08-31,11,3017,3133.8,1단계: 전력 파일만
2024-08-31,12,3163,3231.7,1단계: 전력 파일만
2024-08-31,13,3251,3264.7,1단계: 전력 파일만
2024-08-31,14,3288,3357.8,1단계: 전력 파일만
2024-08-31,15,3290,3350.1,1단계: 전력 파일만
2024-08-31,16,3273,3358.4,1단계: 전력 파일만
2024-08-31,17,3256,3391.7,1단계: 전력 파일만
2024-08-31,18,3244,3366.7,1단계: 전력 파일만
2024-08-31,19,3208,3269.6,1단계: 전력 파일만
2024-08-31,20,3170,3227.5,1단계: 전력 파일만
2024-08-31,21,3045,3095.8,1단계: 전력 파일만
2024-08-31,22,2855,2846.2,1단계: 전력 파일만
2024-08-31,23,2642,2593.3,1단계: 전력 파일만
2024-08-31,24,2422,2373.1,1단계: 전력 파일만
2024-08-01,1,2452,2476.8,2단계: + 기상
2024-08-01,2,2197,2233.6,2단계: + 기상
2024-08-01,3,2047,2070.3,2단계: + 기상
2024-08-01,4,1955,1982.4,2단계: + 기상
2024-08-01,5,1943,1929.4,2단계: + 기상
2024-08-01,6,2048,2062.3,2단계: + 기상
2024-08-01,7,2351,2418.5,2단계: + 기상
2024-08-01,8,2776,2873.6,2단계: + 기상
2024-08-01,9,3224,3281.9,2단계: + 기상
2024-08-01,10,3591,3688.3,2단계: + 기상
2024-08-01,11,3797,3891.9,2단계: + 기상
2024-08-01,12,3894,4002.8,2단계: + 기상
2024-08-01,13,3941,4077.6,2단계: + 기상
2024-08-01,14,3996,4116.7,2단계: + 기상
2024-08-01,15,4036,4092.9,2단계: + 기상
2024-08-01,16,4032,4108.6,2단계: + 기상
2024-08-01,17,4057,4088.0,2단계: + 기상
2024-08-01,18,4050,4067.4,2단계: + 기상
2024-08-01,19,3927,3928.4,2단계: + 기상
2024-08-01,20,3839,3789.9,2단계: + 기상
2024-08-01,21,3669,3603.7,2단계: + 기상
2024-08-01,22,3402,3302.0,2단계: + 기상
2024-08-01,23,3095,3093.6,2단계: + 기상
2024-08-01,24,2802,2776.7,2단계: + 기상
2024-08-02,1,2501,2564.3,2단계: + 기상
2024-08-02,2,2241,2302.6,2단계: + 기상
2024-08-02,3,2084,2134.8,2단계: + 기상
2024-08-02,4,1991,2044.2,2단계: + 기상
2024-08-02,5,1973,2007.9,2단계: + 기상
2024-08-02,6,2090,2106.1,2단계: + 기상
2024-08-02,7,2393,2427.9,2단계: + 기상
2024-08-02,8,2825,2858.2,2단계: + 기상
2024-08-02,9,3272,3224.1,2단계: + 기상
2024-08-02,10,3617,3595.4,2단계: + 기상
2024-08-02,11,3790,3769.6,2단계: + 기상
2024-08-02,12,3883,3904.4,2단계: + 기상
2024-08-02,13,3936,4006.9,2단계: + 기상
2024-08-02,14,4014,4034.0,2단계: + 기상
2024-08-02,15,4000,4082.2,2단계: + 기상
2024-08-02,16,3999,4065.7,2단계: + 기상
2024-08-02,17,4031,4059.8,2단계: + 기상
2024-08-02,18,4011,4015.0,2단계: + 기상
2024-08-02,19,3860,3875.7,2단계: + 기상
2024-08-02,20,3770,3740.2,2단계: + 기상
2024-08-02,21,3609,3547.8,2단계: + 기상
2024-08-02,22,3351,3310.2,2단계: + 기상
2024-08-02,23,3067,3107.9,2단계: + 기상
2024-08-02,24,2815,2779.3,2단계: + 기상
2024-08-03,1,2528,2360.4,2단계: + 기상
2024-08-03,2,2256,2199.4,2단계: + 기상
2024-08-03,3,2086,2030.2,2단계: + 기상
2024-08-03,4,1980,1963.8,2단계: + 기상
2024-08-03,5,1940,1930.2,2단계: + 기상
2024-08-03,6,1978,1939.2,2단계: + 기상
2024-08-03,7,2114,2048.3,2단계: + 기상
2024-08-03,8,2348,2312.6,2단계: + 기상
2024-08-03,9,2654,2657.9,2단계: + 기상
2024-08-03,10,3023,3097.1,2단계: + 기상
2024-08-03,11,3324,3276.8,2단계: + 기상
2024-08-03,12,3478,3409.6,2단계: + 기상
2024-08-03,13,3564,3458.1,2단계: + 기상
2024-08-03,14,3603,3517.3,2단계: + 기상
2024-08-03,15,3600,3547.4,2단계: + 기상
2024-08-03,16,3588,3550.0,2단계: + 기상
2024-08-03,17,3597,3580.6,2단계: + 기상
2024-08-03,18,3610,3567.7,2단계: + 기상
2024-08-03,19,3583,3541.5,2단계: + 기상
2024-08-03,20,3544,3563.1,2단계: + 기상
2024-08-03,21,3437,3418.8,2단계: + 기상
2024-08-03,22,3225,3239.7,2단계: + 기상
2024-08-03,23,2974,2944.1,2단계: + 기상
2024-08-03,24,2735,2707.0,2단계: + 기상
2024-08-04,1,2450,2351.5,2단계: + 기상
2024-08-04,2,2220,2096.7,2단계: + 기상
2024-08-04,3,2061,1971.9,2단계: + 기상
2024-08-04,4,1955,1908.6,2단계: + 기상
2024-08-04,5,1912,1875.8,2단계: + 기상
2024-08-04,6,1936,1870.8,2단계: + 기상
2024-08-04,7,2063,1854.5,2단계: + 기상
2024-08-04,8,2296,2128.5,2단계: + 기상
2024-08-04,9,2613,2478.9,2단계: + 기상
2024-08-04,10,2970,2858.6,2단계: + 기상
2024-08-04,11,3261,3138.5,2단계: + 기상
2024-08-04,12,3405,3275.9,2단계: + 기상
2024-08-04,13,3511,3364.9,2단계: + 기상
2024-08-04,14,3574,3439.4,2단계: + 기상
2024-08-04,15,3579,3439.2,2단계: + 기상
2024-08-04,16,3577,3424.3,2단계: + 기상
2024-08-04,17,3606,3483.7,2단계: + 기상
2024-08-04,18,3663,3537.0,2단계: + 기상
2024-08-04,19,3682,3490.3,2단계: + 기상
2024-08-04,20,3673,3613.7,2단계: + 기상
2024-08-04,21,3585,3432.5,2단계: + 기상
2024-08-04,22,3379,3189.9,2단계: + 기상
2024-08-04,23,3106,2946.9,2단계: + 기상
2024-08-04,24,2819,2693.8,2단계: + 기상
2024-08-05,1,2491,2615.1,2단계: + 기상
2024-08-05,2,2213,2292.4,2단계: + 기상
2024-08-05,3,2067,2131.9,2단계: + 기상
2024-08-05,4,1995,2021.9,2단계: + 기상
2024-08-05,5,1993,2010.6,2단계: + 기상
2024-08-05,6,2123,2101.8,2단계: + 기상
2024-08-05,7,2441,2444.2,2단계: + 기상
2024-08-05,8,2892,2876.6,2단계: + 기상
2024-08-05,9,3396,3334.8,2단계: + 기상
2024-08-05,10,3835,3773.7,2단계: + 기상
2024-08-05,11,4096,3906.1,2단계: + 기상
2024-08-05,12,4180,4072.4,2단계: + 기상
2024-08-05,13,4213,4140.3,2단계: + 기상
2024-08-05,14,4234,4201.5,2단계: + 기상
2024-08-05,15,4188,4214.7,2단계: + 기상
2024-08-05,16,4225,4177.8,2단계: + 기상
2024-08-05,17,4176,4209.4,2단계: + 기상
2024-08-05,18,4148,4196.5,2단계: + 기상
2024-08-05,19,4041,3948.2,2단계: + 기상
2024-08-05,20,3919,3853.3,2단계: + 기상
2024-08-05,21,3719,3690.2,2단계: + 기상
2024-08-05,22,3437,3490.0,2단계: + 기상
2024-08-05,23,3089,3109.9,2단계: + 기상
2024-08-05,24,2732,2727.8,2단계: + 기상
2024-08-06,1,2421,2438.9,2단계: + 기상
2024-08-06,2,2185,2196.8,2단계: + 기상
2024-08-06,3,2043,2052.5,2단계: + 기상
2024-08-06,4,1952,1949.6,2단계: + 기상
2024-08-06,5,1931,1934.9,2단계: + 기상
2024-08-06,6,2055,2052.0,2단계: + 기상
2024-08-06,7,2371,2408.0,2단계: + 기상
2024-08-06,8,2810,2836.2,2단계: + 기상
2024-08-06,9,3257,3214.0,2단계: + 기상
2024-08-06,10,3561,3640.6,2단계: + 기상
2024-08-06,11,3739,3867.7,2단계: + 기상
2024-08-06,12,3853,4014.1,2단계: + 기상
2024-08-06,13,3940,4120.7,2단계: + 기상
2024-08-06,14,4024,4167.5,2단계: + 기상
2024-08-06,15,4042,4187.2,2단계: + 기상
2024-08-06,16,4090,4204.7,2단계: + 기상
2024-08-06,17,4105,4227.0,2단계: + 기상
2024-08-06,18,4109,4222.6,2단계: + 기상
2024-08-06,19,3981,4107.9,2단계: + 기상
2024-08-06,20,3907,4012.1,2단계: + 기상
2024-08-06,21,3732,3812.0,2단계: + 기상
2024-08-06,22,3447,3547.4,2단계: + 기상
2024-08-06,23,3126,3192.1,2단계: + 기상
2024-08-06,24,2823,2890.1,2단계: + 기상
2024-08-07,1,2504,2543.9,2단계: + 기상
2024-08-07,2,2237,2263.9,2단계: + 기상
2024-08-07,3,2076,2105.5,2단계: + 기상
2024-08-07,4,1982,2003.0,2단계: + 기상
2024-08-07,5,1962,1943.3,2단계: + 기상
2024-08-07,6,2091,2083.9,2단계: + 기상
2024-08-07,7,2414,2409.8,2단계: + 기상
2024-08-07,8,2879,2906.3,2단계: + 기상
2024-08-07,9,3395,3264.2,2단계: + 기상
2024-08-07,10,3780,3638.6,2단계: + 기상
2024-08-07,11,3870,3742.2,2단계: + 기상
2024-08-07,12,3919,3892.7,2단계: + 기상
2024-08-07,13,4033,3957.9,2단계: + 기상
2024-08-07,14,4116,4080.8,2단계: + 기상
2024-08-07,15,4157,4078.4,2단계: + 기상
2024-08-07,16,4154,4091.3,2단계: + 기상
2024-08-07,17,4150,4124.9,2단계: + 기상
2024-08-07,18,4136,4152.2,2단계: + 기상
2024-08-07,19,3968,3947.5,2단계: + 기상
2024-08-07,20,3871,3852.0,2단계: + 기상
2024-08-07,21,3669,3632.0,2단계: + 기상
2024-08-07,22,3374,3379.2,2단계: + 기상
2024-08-07,23,3054,3065.3,2단계: + 기상
2024-08-07,24,2757,2795.3,2단계: + 기상
2024-08-08,1,2455,2530.4,2단계: + 기상
2024-08-08,2,2211,2249.9,2단계: + 기상
2024-08-08,3,2065,2108.6,2단계: + 기상
2024-08-08,4,1977,1994.9,2단계: + 기상
2024-08-08,5,1965,1967.0,2단계: + 기상
2024-08-08,6,2082,2061.4,2단계: + 기상
2024-08-08,7,2411,2417.9,2단계: + 기상
2024-08-08,8,2847,2892.6,2단계: + 기상
2024-08-08,9,3289,3218.1,2단계: + 기상
2024-08-08,10,3634,3493.7,2단계: + 기상
2024-08-08,11,3867,3728.4,2단계: + 기상
2024-08-08,12,3955,3836.3,2단계: + 기상
2024-08-08,13,3985,3898.1,2단계: + 기상
2024-08-08,14,3971,3946.3,2단계: + 기상
2024-08-08,15,3977,3969.8,2단계: + 기상
2024-08-08,16,3938,3992.2,2단계: + 기상
2024-08-08,17,3971,4007.1,2단계: + 기상
2024-08-08,18,3973,4001.2,2단계: + 기상
2024-08-08,19,3825,3887.1,2단계: + 기상
2024-08-08,20,3734,3789.2,2단계: + 기상
2024-08-08,21,3560,3548.4,2단계: + 기상
2024-08-08,22,3289,3263.8,2단계: + 기상
2024-08-08,23,2984,2981.5,2단계: + 기상
2024-08-08,24,2694,2705.6,2단계: + 기상
2024-08-09,1,2394,2508.2,2단계: + 기상
2024-08-09,2,2151,2244.0,2단계: + 기상
2024-08-09,3,2004,2080.5,2단계: + 기상
2024-08-09,4,1915,1986.9,2단계: + 기상
2024-08-09,5,1904,1968.0,2단계: + 기상
2024-08-09,6,2027,2057.2,2단계: + 기상
2024-08-09,7,2346,2407.7,2단계: + 기상
2024-08-09,8,2793,2824.3,2단계: + 기상
2024-08-09,9,3293,3265.6,2단계: + 기상
2024-08-09,10,3699,3622.0,2단계: + 기상
2024-08-09,11,3941,3861.4,2단계: + 기상
2024-08-09,12,4045,3955.9,2단계: + 기상
2024-08-09,13,4106,4041.0,2단계: + 기상
2024-08-09,14,4151,4127.4,2단계: + 기상
2024-08-09,15,4164,4124.0,2단계: + 기상
2024-08-09,16,4133,4135.8,2단계: + 기상
2024-08-09,17,4102,4120.3,2단계: + 기상
2024-08-09,18,4040,4160.7,2단계: + 기상
2024-08-09,19,3860,4010.4,2단계: + 기상
2024-08-09,20,3766,3845.9,2단계: + 기상
2024-08-09,21,3605,3702.4,2단계: + 기상
2024-08-09,22,3336,3347.8,2단계: + 기상
2024-08-09,23,3046,3040.1,2단계: + 기상
2024-08-09,24,2780,2783.8,2단계: + 기상
2024-08-10,1,2489,2391.6,2단계: + 기상
2024-08-10,2,2230,2132.8,2단계: + 기상
2024-08-10,3,2061,1989.1,2단계: + 기상
2024-08-10,4,1960,1925.8,2단계: + 기상
2024-08-10,5,1922,1898.4,2단계: + 기상
2024-08-10,6,1961,1917.7,2단계: + 기상
2024-08-10,7,2108,2066.3,2단계: + 기상
2024-08-10,8,2341,2304.5,2단계: + 기상
2024-08-10,9,2678,2730.4,2단계: + 기상
2024-08-10,10,3081,3136.1,2단계: + 기상
2024-08-10,11,3394,3424.3,2단계: + 기상
2024-08-10,12,3559,3549.8,2단계: + 기상
2024-08-10,13,3621,3628.5,2단계: + 기상
2024-08-10,14,3620,3669.5,2단계: + 기상
2024-08-10,15,3595,3697.1,2단계: + 기상
2024-08-10,16,3565,3678.0,2단계: + 기상
2024-08-10,17,3520,3682.8,2단계: + 기상
2024-08-10,18,3524,3687.5,2단계: + 기상
2024-08-10,19,3521,3631.0,2단계: + 기상
2024-08-10,20,3489,3668.4,2단계: + 기상
2024-08-10,21,3390,3508.5,2단계: + 기상
2024-08-10,22,3188,3248.3,2단계: + 기상
2024-08-10,23,2938,2942.0,2단계: + 기상
2024-08-10,24,2697,2667.0,2단계: + 기상
2024-08-11,1,2425,2347.6,2단계: + 기상
2024-08-11,2,2207,2118.1,2단계: + 기상
2024-08-11,3,2057,1979.2,2단계: + 기상
2024-08-11,4,1959,1885.3,2단계: + 기상
2024-08-11,5,1912,1861.4,2단계: + 기상
2024-08-11,6,1932,1900.8,2단계: + 기상
2024-08-11,7,2058,1895.6,2단계: + 기상
2024-08-11,8,2272,2173.9,2단계: + 기상
2024-08-11,9,2540,2539.7,2단계: + 기상
2024-08-11,10,2863,2917.7,2단계: + 기상
2024-08-11,11,3133,3221.7,2단계: + 기상
2024-08-11,12,3275,3386.8,2단계: + 기상
2024-08-11,13,3367,3461.1,2단계: + 기상
2024-08-11,14,3421,3527.4,2단계: + 기상
2024-08-11,15,3436,3558.5,2단계: + 기상
2024-08-11,16,3442,3568.0,2단계: + 기상
2024-08-11,17,3452,3558.0,2단계: + 기상
2024-08-11,18,3486,3576.8,2단계: + 기상
2024-08-11,19,3520,3558.6,2단계: + 기상
2024-08-11,20,3519,3640.2,2단계: + 기상
2024-08-11,21,3428,3494.1,2단계: + 기상
2024-08-11,22,3236,3223.4,2단계: + 기상
2024-08-11,23,2970,2965.4,2단계: + 기상
2024-08-11,24,2699,2703.2,2단계: + 기상
2024-08-12,1,2397,2570.9,2단계: + 기상
2024-08-12,2,2183,2303.1,2단계: + 기상
2024-08-12,3,2042,2138.0,2단계: + 기상
2024-08-12,4,1967,2037.2,2단계: + 기상
2024-08-12,5,1971,2029.6,2단계: + 기상
2024-08-12,6,2115,2147.8,2단계: + 기상
2024-08-12,7,2470,2528.4,2단계: + 기상
2024-08-12,8,2969,3017.8,2단계: + 기상
2024-08-12,9,3519,3410.2,2단계: + 기상
2024-08-12,10,3945,3740.1,2단계: + 기상
2024-08-12,11,4189,4024.2,2단계: + 기상
2024-08-12,12,4293,4107.6,2단계: + 기상
2024-08-12,13,4355,4183.8,2단계: + 기상
2024-08-12,14,4374,4212.2,2단계: + 기상
2024-08-12,15,4350,4225.0,2단계: + 기상
2024-08-12,16,4291,4226.8,2단계: + 기상
2024-08-12,17,4277,4209.0,2단계: + 기상
2024-08-12,18,4251,4195.4,2단계: + 기상
2024-08-12,19,4141,4046.6,2단계: + 기상
2024-08-12,20,4052,3907.3,2단계: + 기상
2024-08-12,21,3868,3711.7,2단계: + 기상
2024-08-12,22,3562,3439.5,2단계: + 기상
2024-08-12,23,3224,3150.9,2단계: + 기상
2024-08-12,24,2896,2938.2,2단계: + 기상
2024-08-13,1,2574,2673.0,2단계: + 기상
2024-08-13,2,2309,2442.7,2단계: + 기상
2024-08-13,3,2158,2253.6,2단계: + 기상
2024-08-13,4,2066,2123.4,2단계: + 기상
2024-08-13,5,2046,2108.5,2단계: + 기상
2024-08-13,6,2177,2267.4,2단계: + 기상
2024-08-13,7,2522,2656.1,2단계: + 기상
2024-08-13,8,3019,3157.9,2단계: + 기상
2024-08-13,9,3572,3595.7,2단계: + 기상
2024-08-13,10,3998,4005.9,2단계: + 기상
2024-08-13,11,4250,4116.8,2단계: + 기상
2024-08-13,12,4360,4215.2,2단계: + 기상
2024-08-13,13,4423,4280.1,2단계: + 기상
2024-08-13,14,4470,4338.6,2단계: + 기상
2024-08-13,15,4481,4327.0,2단계: + 기상
2024-08-13,16,4466,4318.9,2단계: + 기상
2024-08-13,17,4436,4308.6,2단계: + 기상
2024-08-13,18,4318,4256.4,2단계: + 기상
2024-08-13,19,4119,4069.8,2단계: + 기상
2024-08-13,20,4037,3991.5,2단계: + 기상
2024-08-13,21,3873,3861.3,2단계: + 기상
2024-08-13,22,3600,3628.2,2단계: + 기상
2024-08-13,23,3277,3297.0,2단계: + 기상
2024-08-13,24,2957,3096.1,2단계: + 기상
2024-08-14,1,2632,2655.4,2단계: + 기상
2024-08-14,2,2370,2383.4,2단계: + 기상
2024-08-14,3,2214,2243.2,2단계: + 기상
2024-08-14,4,2114,2138.7,2단계: + 기상
2024-08-14,5,2095,2104.1,2단계: + 기상
2024-08-14,6,2221,2226.9,2단계: + 기상
2024-08-14,7,2575,2605.6,2단계: + 기상
2024-08-14,8,3082,3108.7,2단계: + 기상
2024-08-14,9,3617,3539.1,2단계: + 기상
2024-08-14,10,4044,3989.4,2단계: + 기상
2024-08-14,11,4302,4223.7,2단계: + 기상
2024-08-14,12,4422,4329.2,2단계: + 기상
2024-08-14,13,4479,4378.9,2단계: + 기상
2024-08-14,14,4514,4442.6,2단계: + 기상
2024-08-14,15,4526,4416.2,2단계: + 기상
2024-08-14,16,4501,4382.3,2단계: + 기상
2024-08-14,17,4462,4230.0,2단계: + 기상
2024-08-14,18,4291,4032.4,2단계: + 기상
2024-08-14,19,4000,3911.8,2단계: + 기상
2024-08-14,20,3841,3757.4,2단계: + 기상
2024-08-14,21,3641,3612.4,2단계: + 기상
2024-08-14,22,3400,3382.5,2단계: + 기상
2024-08-14,23,3122,3060.3,2단계: + 기상
2024-08-14,24,2870,2884.4,2단계: + 기상
2024-08-15,1,2597,2542.8,2단계: + 기상
2024-08-15,2,2335,2326.7,2단계: + 기상
2024-08-15,3,2171,2251.1,2단계: + 기상
2024-08-15,4,2065,2150.5,2단계: + 기상
2024-08-15,5,2025,2118.8,2단계: + 기상
2024-08-15,6,2055,2192.6,2단계: + 기상
2024-08-15,7,2174,2266.5,2단계: + 기상
2024-08-15,8,2404,2579.6,2단계: + 기상
2024-08-15,9,2690,3020.1,2단계: + 기상
2024-08-15,10,3023,3485.0,2단계: + 기상
2024-08-15,11,3319,3752.4,2단계: + 기상
2024-08-15,12,3494,3917.4,2단계: + 기상
2024-08-15,13,3597,4043.1,2단계: + 기상
2024-08-15,14,3629,4057.8,2단계: + 기상
2024-08-15,15,3649,4097.4,2단계: + 기상
2024-08-15,16,3648,4077.1,2단계: + 기상
2024-08-15,17,3617,3900.2,2단계: + 기상
2024-08-15,18,3582,3957.6,2단계: + 기상
2024-08-15,19,3551,3919.1,2단계: + 기상
2024-08-15,20,3519,3842.6,2단계: + 기상
2024-08-15,21,3425,3701.2,2단계: + 기상
2024-08-15,22,3211,3416.5,2단계: + 기상
2024-08-15,23,2958,3099.7,2단계: + 기상
2024-08-15,24,2702,2863.2,2단계: + 기상
2024-08-16,1,2406,2664.8,2단계: + 기상
2024-08-16,2,2193,2379.6,2단계: + 기상
2024-08-16,3,2059,2255.4,2단계: + 기상
2024-08-16,4,1983,2125.5,2단계: + 기상
2024-08-16,5,1977,2103.3,2단계: + 기상
2024-08-16,6,2114,2204.6,2단계: + 기상
2024-08-16,7,2439,2538.6,2단계: + 기상
2024-08-16,8,2912,2968.4,2단계: + 기상
2024-08-16,9,3437,3348.9,2단계: + 기상
2024-08-16,10,3852,3832.1,2단계: + 기상
2024-08-16,11,4093,4117.8,2단계: + 기상
2024-08-16,12,4197,4324.0,2단계: + 기상
2024-08-16,13,4250,4464.9,2단계: + 기상
2024-08-16,14,4300,4486.9,2단계: + 기상
2024-08-16,15,4308,4498.3,2단계: + 기상
2024-08-16,16,4274,4477.7,2단계: + 기상
2024-08-16,17,4246,4462.4,2단계: + 기상
2024-08-16,18,4208,4405.8,2단계: + 기상
2024-08-16,19,4013,4119.4,2단계: + 기상
2024-08-16,20,3868,3996.1,2단계: + 기상
2024-08-16,21,3665,3738.7,2단계: + 기상
2024-08-16,22,3367,3452.1,2단계: + 기상
2024-08-16,23,3075,3180.1,2단계: + 기상
2024-08-16,24,2819,2960.1,2단계: + 기상
2024-08-17,1,2541,2566.0,2단계: + 기상
2024-08-17,2,2290,2314.0,2단계: + 기상
2024-08-17,3,2126,2189.6,2단계: + 기상
2024-08-17,4,2025,2122.1,2단계: + 기상
2024-08-17,5,1982,2068.4,2단계: + 기상
2024-08-17,6,2023,2105.2,2단계: + 기상
2024-08-17,7,2162,2251.3,2단계: + 기상
2024-08-17,8,2424,2524.6,2단계: + 기상
2024-08-17,9,2784,2977.6,2단계: + 기상
2024-08-17,10,3183,3295.6,2단계: + 기상
2024-08-17,11,3477,3633.8,2단계: + 기상
2024-08-17,12,3633,3791.4,2단계: + 기상
2024-08-17,13,3711,3889.0,2단계: + 기상
2024-08-17,14,3706,3915.2,2단계: + 기상
2024-08-17,15,3684,3887.8,2단계: + 기상
2024-08-17,16,3663,3888.5,2단계: + 기상
2024-08-17,17,3646,3836.3,2단계: + 기상
2024-08-17,18,3615,3745.8,2단계: + 기상
2024-08-17,19,3531,3646.4,2단계: + 기상
2024-08-17,20,3473,3577.9,2단계: + 기상
2024-08-17,21,3346,3466.5,2단계: + 기상
2024-08-17,22,3137,3245.1,2단계: + 기상
2024-08-17,23,2905,3040.4,2단계: + 기상
2024-08-17,24,2682,2783.6,2단계: + 기상
2024-08-18,1,2425,2477.0,2단계: + 기상
2024-08-18,2,2215,2234.6,2단계: + 기상
2024-08-18,3,2064,2103.0,2단계: + 기상
2024-08-18,4,1965,2037.3,2단계: + 기상
2024-08-18,5,1928,1980.0,2단계: + 기상
2024-08-18,6,1957,1980.9,2단계: + 기상
2024-08-18,7,2074,2001.3,2단계: + 기상
2024-08-18,8,2302,2253.0,2단계: + 기상
2024-08-18,9,2591,2673.2,2단계: + 기상
2024-08-18,10,2927,3052.8,2단계: + 기상
2024-08-18,11,3210,3391.9,2단계: + 기상
2024-08-18,12,3367,3553.1,2단계: + 기상
2024-08-18,13,3499,3620.3,2단계: + 기상
2024-08-18,14,3554,3685.9,2단계: + 기상
2024-08-18,15,3555,3682.8,2단계: + 기상
2024-08-18,16,3501,3637.8,2단계: + 기상
2024-08-18,17,3523,3668.5,2단계: + 기상
2024-08-18,18,3545,3635.9,2단계: + 기상
2024-08-18,19,3572,3589.5,2단계: + 기상
2024-08-18,20,3570,3693.9,2단계: + 기상
2024-08-18,21,3433,3517.3,2단계: + 기상
2024-08-18,22,3186,3263.0,2단계: + 기상
2024-08-18,23,2927,3057.3,2단계: + 기상
2024-08-18,24,2663,2812.9,2단계: + 기상
2024-08-19,1,2369,2607.9,2단계: + 기상
2024-08-19,2,2161,2379.3,2단계: + 기상
2024-08-19,3,2034,2210.2,2단계: + 기상
2024-08-19,4,1962,2113.6,2단계: + 기상
2024-08-19,5,1967,2096.3,2단계: + 기상
2024-08-19,6,2117,2216.9,2단계: + 기상
2024-08-19,7,2480,2564.8,2단계: + 기상
2024-08-19,8,2988,3073.0,2단계: + 기상
2024-08-19,9,3545,3549.5,2단계: + 기상
2024-08-19,10,3966,4025.9,2단계: + 기상
2024-08-19,11,4210,4384.9,2단계: + 기상
2024-08-19,12,4321,4463.8,2단계: + 기상
2024-08-19,13,4388,4583.4,2단계: + 기상
2024-08-19,14,4433,4614.7,2단계: + 기상
2024-08-19,15,4443,4582.7,2단계: + 기상
2024-08-19,16,4434,4561.7,2단계: + 기상
2024-08-19,17,4393,4595.8,2단계: + 기상
2024-08-19,18,4341,4409.6,2단계: + 기상
2024-08-19,19,4056,4056.4,2단계: + 기상
2024-08-19,20,3922,3939.4,2단계: + 기상
2024-08-19,21,3750,3758.6,2단계: + 기상
2024-08-19,22,3487,3501.2,2단계: + 기상
2024-08-19,23,3156,3205.7,2단계: + 기상
2024-08-19,24,2848,2947.9,2단계: + 기상
2024-08-20,1,2543,2629.0,2단계: + 기상
2024-08-20,2,2287,2344.6,2단계: + 기상
2024-08-20,3,2143,2206.4,2단계: + 기상
2024-08-20,4,2053,2109.2,2단계: + 기상
2024-08-20,5,2049,2103.6,2단계: + 기상
2024-08-20,6,2179,2217.1,2단계: + 기상
2024-08-20,7,2530,2579.4,2단계: + 기상
2024-08-20,8,3043,3148.7,2단계: + 기상
2024-08-20,9,3591,3620.8,2단계: + 기상
2024-08-20,10,4015,3966.5,2단계: + 기상
2024-08-20,11,4271,4231.5,2단계: + 기상
2024-08-20,12,4392,4323.6,2단계: + 기상
2024-08-20,13,4477,4454.0,2단계: + 기상
2024-08-20,14,4523,4513.5,2단계: + 기상
2024-08-20,15,4528,4525.7,2단계: + 기상
2024-08-20,16,4526,4501.6,2단계: + 기상
2024-08-20,17,4527,4489.0,2단계: + 기상
2024-08-20,18,4499,4435.8,2단계: + 기상
2024-08-20,19,4346,4245.0,2단계: + 기상
2024-08-20,20,4257,4094.4,2단계: + 기상
2024-08-20,21,4062,3911.1,2단계: + 기상
2024-08-20,22,3761,3624.6,2단계: + 기상
2024-08-20,23,3403,3276.7,2단계: + 기상
2024-08-20,24,3058,3074.2,2단계: + 기상
2024-08-21,1,2713,2798.3,2단계: + 기상
2024-08-21,2,2426,2389.4,2단계: + 기상
2024-08-21,3,2222,2238.7,2단계: + 기상
2024-08-21,4,2121,2099.6,2단계: + 기상
2024-08-21,5,2108,2081.2,2단계: + 기상
2024-08-21,6,2240,2166.7,2단계: + 기상
2024-08-21,7,2576,2445.9,2단계: + 기상
2024-08-21,8,3042,2935.8,2단계: + 기상
2024-08-21,9,3502,3302.0,2단계: + 기상
2024-08-21,10,3880,3637.1,2단계: + 기상
2024-08-21,11,4049,3913.8,2단계: + 기상
2024-08-21,12,4112,4068.6,2단계: + 기상
2024-08-21,13,4134,4150.4,2단계: + 기상
2024-08-21,14,4143,4196.2,2단계: + 기상
2024-08-21,15,4145,4225.4,2단계: + 기상
2024-08-21,16,4157,4187.6,2단계: + 기상
2024-08-21,17,4157,4170.8,2단계: + 기상
2024-08-21,18,4131,4133.7,2단계: + 기상
2024-08-21,19,4006,3954.0,2단계: + 기상
2024-08-21,20,3924,3822.7,2단계: + 기상
2024-08-21,21,3743,3666.3,2단계: + 기상
2024-08-21,22,3458,3422.6,2단계: + 기상
2024-08-21,23,3129,3165.6,2단계: + 기상
2024-08-21,24,2827,2985.0,2단계: + 기상
2024-08-22,1,2526,2696.5,2단계: + 기상
2024-08-22,2,2282,2411.9,2단계: + 기상
2024-08-22,3,2135,2247.8,2단계: + 기상
2024-08-22,4,2045,2158.9,2단계: + 기상
2024-08-22,5,2039,2142.7,2단계: + 기상
2024-08-22,6,2177,2263.9,2단계: + 기상
2024-08-22,7,2531,2616.8,2단계: + 기상
2024-08-22,8,3069,3078.6,2단계: + 기상
2024-08-22,9,3608,3488.5,2단계: + 기상
2024-08-22,10,3958,3857.4,2단계: + 기상
2024-08-22,11,4104,4018.1,2단계: + 기상
2024-08-22,12,4116,4133.9,2단계: + 기상
2024-08-22,13,4161,4210.6,2단계: + 기상
2024-08-22,14,4173,4269.3,2단계: + 기상
2024-08-22,15,4142,4205.3,2단계: + 기상
2024-08-22,16,4128,4133.6,2단계: + 기상
2024-08-22,17,4073,4070.2,2단계: + 기상
2024-08-22,18,4025,4031.3,2단계: + 기상
2024-08-22,19,3848,3870.6,2단계: + 기상
2024-08-22,20,3748,3755.3,2단계: + 기상
2024-08-22,21,3535,3516.2,2단계: + 기상
2024-08-22,22,3259,3285.0,2단계: + 기상
2024-08-22,23,2955,2983.9,2단계: + 기상
2024-08-22,24,2679,2764.7,2단계: + 기상
2024-08-23,1,2407,2448.9,2단계: + 기상
2024-08-23,2,2180,2227.7,2단계: + 기상
2024-08-23,3,2037,2090.3,2단계: + 기상
2024-08-23,4,1946,2003.6,2단계: + 기상
2024-08-23,5,1941,1972.9,2단계: + 기상
2024-08-23,6,2073,2102.4,2단계: + 기상
2024-08-23,7,2409,2456.8,2단계: + 기상
2024-08-23,8,2877,2910.6,2단계: + 기상
2024-08-23,9,3331,3337.8,2단계: + 기상
2024-08-23,10,3677,3754.8,2단계: + 기상
2024-08-23,11,3899,3982.6,2단계: + 기상
2024-08-23,12,3994,4127.6,2단계: + 기상
2024-08-23,13,4059,4217.9,2단계: + 기상
2024-08-23,14,4096,4224.7,2단계: + 기상
2024-08-23,15,4105,4238.8,2단계: + 기상
2024-08-23,16,4085,4232.8,2단계: + 기상
2024-08-23,17,4072,4202.8,2단계: + 기상
2024-08-23,18,3989,4179.6,2단계: + 기상
2024-08-23,19,3776,3948.9,2단계: + 기상
2024-08-23,20,3646,3787.5,2단계: + 기상
2024-08-23,21,3462,3557.1,2단계: + 기상
2024-08-23,22,3188,3234.2,2단계: + 기상
2024-08-23,23,2904,2914.9,2단계: + 기상
2024-08-23,24,2662,2658.9,2단계: + 기상
2024-08-24,1,2397,2204.8,2단계: + 기상
2024-08-24,2,2155,2046.6,2단계: + 기상
2024-08-24,3,2005,1955.3,2단계: + 기상
2024-08-24,4,1903,1870.2,2단계: + 기상
2024-08-24,5,1873,1828.1,2단계: + 기상
2024-08-24,6,1921,1891.1,2단계: + 기상
2024-08-24,7,2054,1968.4,2단계: + 기상
2024-08-24,8,2300,2232.9,2단계: + 기상
2024-08-24,9,2646,2604.3,2단계: + 기상
2024-08-24,10,3041,2988.3,2단계: + 기상
2024-08-24,11,3320,3271.1,2단계: + 기상
2024-08-24,12,3452,3376.5,2단계: + 기상
2024-08-24,13,3406,3416.3,2단계: + 기상
2024-08-24,14,3361,3491.9,2단계: + 기상
2024-08-24,15,3317,3488.6,2단계: + 기상
2024-08-24,16,3350,3476.8,2단계: + 기상
2024-08-24,17,3369,3476.8,2단계: + 기상
2024-08-24,18,3355,3449.5,2단계: + 기상
2024-08-24,19,3332,3376.3,2단계: + 기상
2024-08-24,20,3305,3354.8,2단계: + 기상
2024-08-24,21,3171,3233.0,2단계: + 기상
2024-08-24,22,2961,2992.4,2단계: + 기상
2024-08-24,23,2730,2700.9,2단계: + 기상
2024-08-24,24,2515,2487.2,2단계: + 기상
2024-08-25,1,2266,2346.8,2단계: + 기상
2024-08-25,2,2061,2188.9,2단계: + 기상
2024-08-25,3,1915,2026.1,2단계: + 기상
2024-08-25,4,1829,1918.0,2단계: + 기상
2024-08-25,5,1797,1899.0,2단계: + 기상
2024-08-25,6,1833,1935.8,2단계: + 기상
2024-08-25,7,1945,2042.5,2단계: + 기상
2024-08-25,8,2145,2242.5,2단계: + 기상
2024-08-25,9,2400,2560.9,2단계: + 기상
2024-08-25,10,2704,2934.5,2단계: + 기상
2024-08-25,11,2976,3253.9,2단계: + 기상
2024-08-25,12,3122,3328.8,2단계: + 기상
2024-08-25,13,3231,3417.0,2단계: + 기상
2024-08-25,14,3276,3446.0,2단계: + 기상
2024-08-25,15,3261,3482.1,2단계: + 기상
2024-08-25,16,3247,3501.1,2단계: + 기상
2024-08-25,17,3258,3495.0,2단계: + 기상
2024-08-25,18,3262,3483.1,2단계: + 기상
2024-08-25,19,3286,3468.8,2단계: + 기상
2024-08-25,20,3312,3557.1,2단계: + 기상
2024-08-25,21,3215,3386.9,2단계: + 기상
2024-08-25,22,3013,3121.8,2단계: + 기상
2024-08-25,23,2768,2866.2,2단계: + 기상
2024-08-25,24,2517,2648.4,2단계: + 기상
2024-08-26,1,2241,2384.5,2단계: + 기상
2024-08-26,2,2061,2138.8,2단계: + 기상
2024-08-26,3,1936,1986.6,2단계: + 기상
2024-08-26,4,1875,1912.9,2단계: + 기상
2024-08-26,5,1882,1896.3,2단계: + 기상
2024-08-26,6,2022,2032.7,2단계: + 기상
2024-08-26,7,2360,2418.1,2단계: + 기상
2024-08-26,8,2847,2895.0,2단계: + 기상
2024-08-26,9,3340,3250.5,2단계: + 기상
2024-08-26,10,3672,3647.7,2단계: + 기상
2024-08-26,11,3866,3829.4,2단계: + 기상
2024-08-26,12,3967,3969.6,2단계: + 기상
2024-08-26,13,3979,3959.4,2단계: + 기상
2024-08-26,14,3992,3970.7,2단계: + 기상
2024-08-26,15,3983,3979.3,2단계: + 기상
2024-08-26,16,3980,3964.7,2단계: + 기상
2024-08-26,17,3947,3938.9,2단계: + 기상
2024-08-26,18,3888,3902.7,2단계: + 기상
2024-08-26,19,3677,3655.7,2단계: + 기상
2024-08-26,20,3565,3616.0,2단계: + 기상
2024-08-26,21,3389,3465.4,2단계: + 기상
2024-08-26,22,3132,3167.7,2단계: + 기상
2024-08-26,23,2850,2868.0,2단계: + 기상
2024-08-26,24,2583,2691.1,2단계: + 기상
2024-08-27,1,2306,2373.6,2단계: + 기상
2024-08-27,2,2079,2155.7,2단계: + 기상
2024-08-27,3,1950,2008.9,2단계: + 기상
2024-08-27,4,1872,1919.7,2단계: + 기상
2024-08-27,5,1865,1902.1,2단계: + 기상
2024-08-27,6,1997,2032.0,2단계: + 기상
2024-08-27,7,2306,2348.0,2단계: + 기상
2024-08-27,8,2746,2766.2,2단계: + 기상
2024-08-27,9,3150,3192.1,2단계: + 기상
2024-08-27,10,3416,3374.1,2단계: + 기상
2024-08-27,11,3532,3685.1,2단계: + 기상
2024-08-27,12,3549,3769.5,2단계: + 기상
2024-08-27,13,3532,3775.5,2단계: + 기상
2024-08-27,14,3542,3796.4,2단계: + 기상
2024-08-27,15,3585,3796.4,2단계: + 기상
2024-08-27,16,3592,3821.7,2단계: + 기상
2024-08-27,17,3631,3873.2,2단계: + 기상
2024-08-27,18,3621,3835.9,2단계: + 기상
2024-08-27,19,3464,3682.6,2단계: + 기상
2024-08-27,20,3354,3508.0,2단계: + 기상
2024-08-27,21,3173,3271.4,2단계: + 기상
2024-08-27,22,2928,2997.1,2단계: + 기상
2024-08-27,23,2663,2727.7,2단계: + 기상
2024-08-27,24,2410,2493.5,2단계: + 기상
2024-08-28,1,2147,2309.6,2단계: + 기상
2024-08-28,2,1943,2097.7,2단계: + 기상
2024-08-28,3,1818,1955.5,2단계: + 기상
2024-08-28,4,1742,1863.4,2단계: + 기상
2024-08-28,5,1741,1842.6,2단계: + 기상
2024-08-28,6,1864,1967.4,2단계: + 기상
2024-08-28,7,2165,2299.3,2단계: + 기상
2024-08-28,8,2590,2742.9,2단계: + 기상
2024-08-28,9,3039,3211.9,2단계: + 기상
2024-08-28,10,3395,3532.0,2단계: + 기상
2024-08-28,11,3601,3739.9,2단계: + 기상
2024-08-28,12,3696,3805.0,2단계: + 기상
2024-08-28,13,3759,3851.0,2단계: + 기상
2024-08-28,14,3836,3928.2,2단계: + 기상
2024-08-28,15,3889,3960.3,2단계: + 기상
2024-08-28,16,3894,3921.0,2단계: + 기상
2024-08-28,17,3898,3947.6,2단계: + 기상
2024-08-28,18,3844,3867.7,2단계: + 기상
2024-08-28,19,3696,3722.9,2단계: + 기상
2024-08-28,20,3594,3559.4,2단계: + 기상
2024-08-28,21,3396,3429.9,2단계: + 기상
2024-08-28,22,3117,3136.6,2단계: + 기상
2024-08-28,23,2813,2850.3,2단계: + 기상
2024-08-28,24,2525,2570.5,2단계: + 기상
2024-08-29,1,2239,2272.0,2단계: + 기상
2024-08-29,2,2015,2043.5,2단계: + 기상
2024-08-29,3,1877,1902.8,2단계: + 기상
2024-08-29,4,1792,1802.9,2단계: + 기상
2024-08-29,5,1780,1792.2,2단계: + 기상
2024-08-29,6,1896,1915.6,2단계: + 기상
2024-08-29,7,2191,2249.6,2단계: + 기상
2024-08-29,8,2612,2673.1,2단계: + 기상
2024-08-29,9,3054,3091.8,2단계: + 기상
2024-08-29,10,3404,3474.8,2단계: + 기상
2024-08-29,11,3628,3687.5,2단계: + 기상
2024-08-29,12,3747,3799.9,2단계: + 기상
2024-08-29,13,3788,3881.6,2단계: + 기상
2024-08-29,14,3850,3905.4,2단계: + 기상
2024-08-29,15,3894,3892.0,2단계: + 기상
2024-08-29,16,3903,3891.3,2단계: + 기상
2024-08-29,17,3925,3856.4,2단계: + 기상
2024-08-29,18,3919,3776.3,2단계: + 기상
2024-08-29,19,3716,3579.2,2단계: + 기상
2024-08-29,20,3578,3439.0,2단계: + 기상
2024-08-29,21,3355,3207.8,2단계: + 기상
2024-08-29,22,3075,2970.2,2단계: + 기상
2024-08-29,23,2785,2715.1,2단계: + 기상
2024-08-29,24,2508,2450.3,2단계: + 기상
2024-08-30,1,2248,2232.0,2단계: + 기상
2024-08-30,2,2022,2028.8,2단계: + 기상
2024-08-30,3,1885,1885.7,2단계: + 기상
2024-08-30,4,1802,1794.2,2단계: + 기상
2024-08-30,5,1793,1769.1,2단계: + 기상
2024-08-30,6,1911,1892.5,2단계: + 기상
2024-08-30,7,2209,2220.9,2단계: + 기상
2024-08-30,8,2646,2596.6,2단계: + 기상
2024-08-30,9,3106,3001.3,2단계: + 기상
2024-08-30,10,3474,3392.2,2단계: + 기상
2024-08-30,11,3715,3616.1,2단계: + 기상
2024-08-30,12,3826,3642.8,2단계: + 기상
2024-08-30,13,3893,3720.1,2단계: + 기상
2024-08-30,14,3970,3739.6,2단계: + 기상
2024-08-30,15,4020,3775.4,2단계: + 기상
2024-08-30,16,4010,3762.1,2단계: + 기상
2024-08-30,17,3976,3800.7,2단계: + 기상
2024-08-30,18,3898,3762.0,2단계: + 기상
2024-08-30,19,3664,3576.0,2단계: + 기상
2024-08-30,20,3535,3386.2,2단계: + 기상
2024-08-30,21,3347,3185.6,2단계: + 기상
2024-08-30,22,3082,2921.0,2단계: + 기상
2024-08-30,23,2802,2699.2,2단계: + 기상
2024-08-30,24,2557,2437.6,2단계: + 기상
2024-08-31,1,2290,2211.4,2단계: + 기상
2024-08-31,2,2048,2040.2,2단계: + 기상
2024-08-31,3,1893,1923.0,2단계: + 기상
2024-08-31,4,1794,1837.8,2단계: + 기상
2024-08-31,5,1758,1799.0,2단계: + 기상
2024-08-31,6,1795,1840.4,2단계: + 기상
2024-08-31,7,1917,1928.0,2단계: + 기상
2024-08-31,8,2125,2223.2,2단계: + 기상
2024-08-31,9,2415,2556.0,2단계: + 기상
2024-08-31,10,2750,2922.1,2단계: + 기상
2024-08-31,11,3017,3110.2,2단계: + 기상
2024-08-31,12,3163,3276.0,2단계: + 기상
2024-08-31,13,3251,3349.1,2단계: + 기상
2024-08-31,14,3288,3370.4,2단계: + 기상
2024-08-31,15,3290,3403.0,2단계: + 기상
2024-08-31,16,3273,3419.5,2단계: + 기상
2024-08-31,17,3256,3409.4,2단계: + 기상
2024-08-31,18,3244,3374.4,2단계: + 기상
2024-08-31,19,3208,3279.8,2단계: + 기상
2024-08-31,20,3170,3345.5,2단계: + 기상
2024-08-31,21,3045,3187.1,2단계: + 기상
2024-08-31,22,2855,2972.0,2단계: + 기상
2024-08-31,23,2642,2678.7,2단계: + 기상
2024-08-31,24,2422,2502.5,2단계: + 기상
